<?xml version="1.0" encoding="UTF-8"?>
<beans xmlns="http://www.springframework.org/schema/beans"
       xmlns:xsi="http://www.w3.org/2001/XMLSchema-instance"
      xmlns:p="http://www.springframework.org/schema/p"
       xmlns:tx="http://www.springframework.org/schema/tx"
      xmlns:context="http://www.springframework.org/schema/context"
       xsi:schemaLocation="http://www.springframework.org/schema/beans
  http://www.springframework.org/schema/beans/spring-beans.xsd
  http://www.springframework.org/schema/context
  http://www.springframework.org/schema/context/spring-context.xsd
  http://www.springframework.org/schema/tx
  http://www.springframework.org/schema/tx/spring-tx.xsd">

       <!-- Root Context: defines shared resources visible to all other web components -->

       <bean id="propertyConfigurer"
            class="org.springframework.beans.factory.config.PropertyPlaceholderConfigurer">
           
           <property name="locations">
                 <list>
                      <value>/WEB-INF/database.properties</value>
                 </list>
           </property>
       </bean>

      <bean id="dataSource" class="org.apache.commons.dbcp.BasicDataSource"
              destroy-method="close" 
              p:driverClassName="${jdbc.driverClassName}"
              p:url="${jdbc.url}" 
              p:username="${jdbc.username}" 
              p:password="${jdbc.password}" />

              

       <bean id="sessionFactory"
              class="org.springframework.orm.hibernate4.LocalSessionFactoryBean">
              <property name="dataSource" ref="dataSource" />

              <property name="packagesToScan">
                     <list>
                           <value>com.empanada.model</value>
                     </list>
              </property>
              <property name="hibernateProperties">
                     <props>
                           <prop key="hibernate.hbm2ddl.auto">update</prop>
                           <prop key="hibernate.dialect">org.hibernate.dialect.MySQLDialect</prop>
                           <prop key="hibernate.show_sql">false</prop>
                     </props>
              </property>
       </bean>
     
       <bean id="transactionManager"
              class="org.springframework.orm.hibernate4.HibernateTransactionManager">
              <property name="sessionFactory" ref="sessionFactory" />
       </bean>

       <tx:annotation-driven transaction-manager="transactionManager" />
       <context:component-scan base-package="com.empanada" />
</beans>